Workbook

Sheet CO-PO Mapping
A1: Course: Data Warehousing & Business Intelligence
A2: CO-PO Mapping Matrix (1 = Low, 2 = Medium, 3 = High)
A4: Course Outcome | B4: PO1 | C4: PO2 | D4: PO3 | E4: PO4 | F4: PO5 | G4: PO6 | H4: PO7 | I4: PO8 | J4: Average
A5: CO1: Explain Data Warehousing and BI concepts | B5: 3 | C5: 2 | D5: 1 | E5: 0 | F5: 1 | G5: 0 | H5: 0 | I5: 0 | J5: =AVERAGE(B5:I5)
A6: CO2: Apply data analysis techniques using Excel | B6: 2 | C6: 3 | D6: 2 | E6: 2 | F6: 3 | G6: 0 | H6: 0 | I6: 0 | J6: =AVERAGE(B6:I6)
A7: CO3: Analyze business data and create reports | B7: 2 | C7: 3 | D7: 3 | E7: 3 | F7: 3 | G7: 1 | H7: 0 | I7: 0 | J7: =AVERAGE(B7:I7)
A8: CO4: Use BI tools to support business decisions | B8: 2 | C8: 2 | D8: 3 | E8: 3 | F8: 3 | G8: 2 | H8: 1 | I8: 0 | J8: =AVERAGE(B8:I8)
A10: PO Average | B10: =AVERAGE(B5:B8) | C10: =AVERAGE(C5:C8) | D10: =AVERAGE(D5:D8) | E10: =AVERAGE(E5:E8) | F10: =AVERAGE(F5:F8) | G10: =AVERAGE(G5:G8) | H10: =AVERAGE(H5:H8) | I10: =AVERAGE(I5:I8)

Sheet Assessment Rubric
A1: Assessment Tool | B1: Weight % | C1: CO1 | D1: CO2 | E1: CO3 | F1: CO4 | G1: Total CO Coverage
A2: Quiz | B2: 10 | C2: 1 | D2: 0 | E2: 0 | F2: 0 | G2: =SUM(C2:F2)
A3: Assignment | B3: 15 | C3: 0 | D3: 1 | E3: 1 | F3: 0 | G3: =SUM(C3:F3)
A4: Midterm | B4: 25 | C4: 1 | D4: 1 | E4: 0 | F4: 0 | G4: =SUM(C4:F4)
A5: Project | B5: 20 | C5: 0 | D5: 1 | E5: 1 | F5: 1 | G5: =SUM(C5:F5)
A6: Final Exam | B6: 30 | C6: 1 | D6: 1 | E6: 1 | F6: 1 | G6: =SUM(C6:F6)

Sheet Student Marks
A1: Student ID | B1: Student Name | C1: Midterm CO1 | D1: Midterm CO2 | E1: Assignment CO2 | F1: Assignment CO3 | G1: Project CO2 | H1: Project CO3 | I1: Project CO4 | J1: Final CO1 | K1: Final CO2 | L1: Final CO3 | M1: Final CO4
A2: S001 | B2: Ali | C2: 78 | D2: 70 | E2: 82 | F2: 75 | G2: 80 | H2: 72 | I2: 77 | J2: 74 | K2: 69 | L2: 81 | M2: 76
A3: S002 | B3: Ahmed | C3: 65 | D3: 62 | E3: 70 | F3: 68 | G3: 73 | H3: 67 | I3: 71 | J3: 64 | K3: 66 | L3: 72 | M3: 69
A4: S003 | B4: Sara | C4: 88 | D4: 91 | E4: 90 | F4: 86 | G4: 92 | H4: 89 | I4: 94 | J4: 85 | K4: 90 | L4: 93 | M4: 91
A5: S004 | B5: Hassan | C5: 55 | D5: 60 | E5: 64 | F5: 58 | G5: 61 | H5: 59 | I5: 65 | J5: 57 | K5: 63 | L5: 60 | M5: 62
A6: S005 | B6: Ayesha | C6: 72 | D6: 78 | E6: 75 | F6: 80 | G6: 79 | H6: 82 | I6: 85 | J6: 76 | K6: 81 | L6: 84 | M6: 83
A7: S006 | B7: Usman | C7: 61 | D7: 67 | E7: 69 | F7: 65 | G7: 70 | H7: 63 | I7: 68 | J7: 62 | K7: 64 | L7: 71 | M7: 66
A8: S007 | B8: Fatima | C8: 93 | D8: 89 | E8: 95 | F8: 92 | G8: 96 | H8: 94 | I8: 97 | J8: 91 | K8: 90 | L8: 95 | M8: 94
A9: S008 | B9: Bilal | C9: 68 | D9: 73 | E9: 71 | F9: 69 | G9: 75 | H9: 70 | I9: 72 | J9: 67 | K9: 70 | L9: 74 | M9: 71
A10: S009 | B10: Zainab | C10: 80 | D10: 84 | E10: 83 | F10: 81 | G10: 85 | H10: 87 | I10: 89 | J10: 79 | K10: 82 | L10: 86 | M10: 88
A11: S010 | B11: Hamza | C11: 58 | D11: 55 | E11: 63 | F11: 61 | G11: 66 | H11: 60 | I11: 64 | J11: 59 | K11: 57 | L11: 65 | M11: 62

Sheet Attainment Dashboard
A1: DWBI OBE Attainment Dashboard
A2: Benchmark: 65% score; Target: 60% of students should attain each CO
A4: CO | B4: Average Student Score % | C4: Students >= 65% | D4: Target % | E4: Attainment Status
A5: CO1 | B5: =AVERAGE('Student Marks'!C2:C11,'Student Marks'!J2:J11) | C5: =SUMPRODUCT(--(('Student Marks'!C2:C11+'Student Marks'!J2:J11)/(2)>=65))/COUNTA('Student Marks'!A2:A11) | D5: 0.6 | E5: =IF(C5>=D5,"Achieved","Not Achieved")
A6: CO2 | B6: =AVERAGE('Student Marks'!D2:D11,'Student Marks'!E2:E11,'Student Marks'!G2:G11,'Student Marks'!K2:K11) | C6: =SUMPRODUCT(--(('Student Marks'!D2:D11+'Student Marks'!E2:E11+'Student Marks'!G2:G11+'Student Marks'!K2:K11)/(4)>=65))/COUNTA('Student Marks'!A2:A11) | D6: 0.6 | E6: =IF(C6>=D6,"Achieved","Not Achieved")
A7: CO3 | B7: =AVERAGE('Student Marks'!F2:F11,'Student Marks'!H2:H11,'Student Marks'!L2:L11) | C7: =SUMPRODUCT(--(('Student Marks'!F2:F11+'Student Marks'!H2:H11+'Student Marks'!L2:L11)/(3)>=65))/COUNTA('Student Marks'!A2:A11) | D7: 0.6 | E7: =IF(C7>=D7,"Achieved","Not Achieved")
A8: CO4 | B8: =AVERAGE('Student Marks'!I2:I11,'Student Marks'!M2:M11) | C8: =SUMPRODUCT(--(('Student Marks'!I2:I11+'Student Marks'!M2:M11)/(2)>=65))/COUNTA('Student Marks'!A2:A11) | D8: 0.6 | E8: =IF(C8>=D8,"Achieved","Not Achieved")
A10: PO Attainment (weighted from CO attainment × mapping strength)
A11: PO1 | B11: PO2 | C11: PO3 | D11: PO4 | E11: PO5 | F11: PO6 | G11: PO7 | H11: PO8
A12: PO | B12: Weighted Attainment | C12: Status
A13: PO1 | B13: =SUM('CO-PO Mapping'!B5*$C$5,'CO-PO Mapping'!B6*$C$6,'CO-PO Mapping'!B7*$C$7,'CO-PO Mapping'!B8*$C$8)/SUM('CO-PO Mapping'!B5:B8) | C13: =IF(B13>=0.6,"Achieved","Not Achieved")
A14: PO2 | B14: =SUM('CO-PO Mapping'!C5*$C$5,'CO-PO Mapping'!C6*$C$6,'CO-PO Mapping'!C7*$C$7,'CO-PO Mapping'!C8*$C$8)/SUM('CO-PO Mapping'!C5:C8) | C14: =IF(B14>=0.6,"Achieved","Not Achieved")
A15: PO3 | B15: =SUM('CO-PO Mapping'!D5*$C$5,'CO-PO Mapping'!D6*$C$6,'CO-PO Mapping'!D7*$C$7,'CO-PO Mapping'!D8*$C$8)/SUM('CO-PO Mapping'!D5:D8) | C15: =IF(B15>=0.6,"Achieved","Not Achieved")
A16: PO4 | B16: =SUM('CO-PO Mapping'!E5*$C$5,'CO-PO Mapping'!E6*$C$6,'CO-PO Mapping'!E7*$C$7,'CO-PO Mapping'!E8*$C$8)/SUM('CO-PO Mapping'!E5:E8) | C16: =IF(B16>=0.6,"Achieved","Not Achieved")
A17: PO5 | B17: =SUM('CO-PO Mapping'!F5*$C$5,'CO-PO Mapping'!F6*$C$6,'CO-PO Mapping'!F7*$C$7,'CO-PO Mapping'!F8*$C$8)/SUM('CO-PO Mapping'!F5:F8) | C17: =IF(B17>=0.6,"Achieved","Not Achieved")
A18: PO6 | B18: =SUM('CO-PO Mapping'!G5*$C$5,'CO-PO Mapping'!G6*$C$6,'CO-PO Mapping'!G7*$C$7,'CO-PO Mapping'!G8*$C$8)/SUM('CO-PO Mapping'!G5:G8) | C18: =IF(B18>=0.6,"Achieved","Not Achieved")
A19: PO7 | B19: =SUM('CO-PO Mapping'!H5*$C$5,'CO-PO Mapping'!H6*$C$6,'CO-PO Mapping'!H7*$C$7,'CO-PO Mapping'!H8*$C$8)/SUM('CO-PO Mapping'!H5:H8) | C19: =IF(B19>=0.6,"Achieved","Not Achieved")
A20: PO8 | B20: =SUM('CO-PO Mapping'!I5*$C$5,'CO-PO Mapping'!I6*$C$6,'CO-PO Mapping'!I7*$C$7,'CO-PO Mapping'!I8*$C$8)/SUM('CO-PO Mapping'!I5:I8) | C20: =IF(B20>=0.6,"Achieved","Not Achieved")
